Review,Liked,Processed_Review
An absolute must visit!,1,absolute must visit
I swung in to give them a try but was deeply disappointed.,0,swung give them try was deeply disappointed
"I mean really, how do you get so famous for your fish and chips when it's so terrible!?!",0,mean really how do you get famous your fish chips when its terrible
You won't be disappointed.,1,you wont be disappointed
"Great food and service, huge portions and they give a military discount.",1,great food service huge portions they give military discount
"I don't each much pasta, but I love the homemade /hand made pastas and thin pizzas here.",1,dont each much pasta love homemade hand made pastas thin pizzas here
"Some parts were good, others were meh.",2,some parts were good others were meh
"Average experience, nothing stood out.",2,average experience nothing stood out
"Mediocre experience, nothing to complain or praise.",2,mediocre experience nothing complain praise
A fantastic neighborhood gem !!!,1,fantastic neighborhood gem
But I definitely would not eat here again.,0,definitely would not eat here again
"This place is overpriced, not consistent with their boba, and it really is OVERPRICED!",0,place overpriced not consistent their boba really overpriced
"The first time I ever came here I had an amazing experience, I still tell people how awesome the duck was.",1,first time ever came here had amazing experience still tell people how awesome duck was
The place was not clean and the food oh so stale!,0,place was not clean food oh stale
"The service was just fine, nothing outstanding.",2,service was just fine nothing outstanding
"No, I'm going to eat the potato that I found some strangers hair in it.",0,no im going eat potato that found some strangers hair
It was an ordinary dining experience.,2,was ordinary dining experience
"It was so bad, I had lost the heart to finish it.",0,was bad had lost heart finish
I would definitely recommend the wings as well as the pizza.,1,would definitely recommend wings well pizza
"The best place in Vegas for breakfast (just check out a Sat, or Sun.",1,best place vegas breakfast just check out sat sun
Special thanks to Dylan T. for the recommendation on what to order :) All yummy for my tummy.,1,special thanks dylan t recommendation what order all yummy my tummy
Great service and food.,1,great service food
"On a positive note, our server was very attentive and provided great service.",1,positive note our server was very attentive provided great service
"Just another meal, nothing too impressive.",2,just another meal nothing too impressive
Hell no will I go back,0,hell no will go back
This wonderful experience made this place a must-stop whenever we are in town again.,1,wonderful experience made place muststop whenever we are town again
The menu had so much good stuff on it i could not decide!,1,menu had much good stuff could not decide
Very Very Disappointed ordered the $35 Big Bay Plater.,0,very very disappointed ordered 35 big bay plater
"The atmosphere is modern and hip, while maintaining a touch of coziness.",1,atmosphere modern hip while maintaining touch coziness
Sauce was tasteless.,0,sauce was tasteless
"I do love sushi, but I found Kabuki to be over-priced, over-hip and under-services.",0,do love sushi found kabuki be overpriced overhip underservices
This place receives stars for their APPETIZERS!!!,1,place receives stars their appetizers
"On three different occasions I asked for well done or medium well, and all three times I got the bloodiest piece of meat on my plate.",0,three different occasions asked well done medium well all three times got bloodiest piece meat my plate
"It was okay, nothing that stood out.",2,was okay nothing that stood out
"The whole experience was underwhelming, and I think we'll just go to Ninja Sushi next time.",0,whole experience was underwhelming think well just go ninja sushi next time
What I really like there is the crepe station.,1,what really like there crepe station
Service was fantastic.,1,service was fantastic
I can't tell you how disappointed I was.,0,cant tell you how disappointed was
"Service was average, not bad but not great.",2,service was average not bad not great
"Cute, quaint, simple, honest.",1,cute quaint simple honest
Seriously killer hot chai latte.,1,seriously killer hot chai latte
I want to first say our server was great and we had perfect service.,1,want first say our server was great we had perfect service
Total brunch fail.,0,total brunch fail
"It lacked flavor, seemed undercooked, and dry.",0,lacked flavor seemed undercooked dry
First time going but I think I will quickly become a regular.,1,first time going think will quickly become regular
Everything was fresh and delicious!,1,everything was fresh delicious
He deserves 5 stars.,1,he deserves 5 stars
"Neither good nor bad, just a regular meal.",2,neither good nor bad just regular meal
Very bad Experience!,0,very bad experience
The steaks are all well trimmed and also perfectly cooked.,1,steaks are all well trimmed also perfectly cooked
"I'd say that would be the hardest decision... Honestly, all of M's dishes taste how they are supposed to taste (amazing).",1,id say that would be hardest decision honestly all ms dishes taste how they are supposed taste amazing
Both of the egg rolls were fantastic.,1,both egg rolls were fantastic
"I ate there twice on my last visit, and especially enjoyed the salmon salad.",1,ate there twice my last visit especially enjoyed salmon salad
"Sadly, Gordon Ramsey's Steak is a place we shall sharply avoid during our next trip to Vegas.",0,sadly gordon ramseys steak place we shall sharply avoid during our next trip vegas
"The service was not up to par, either.",0,service was not up par either
And the red curry had so much bamboo shoots and wasn't very tasty to me.,0,red curry had much bamboo shoots wasnt very tasty me
Fantastic service here.,1,fantastic service here
Not much seafood and like 5 strings of pasta at the bottom.,0,not much seafood like 5 strings pasta bottom
The crêpe was delicate and thin and moist.,1,crêpe was delicate thin moist
"If the food isn't bad enough for you, then enjoy dealing with the world's worst/annoying drunk people.",0,food isnt bad enough you then enjoy dealing worlds worstannoying drunk people
"Some parts were good, others were meh.",2,some parts were good others were meh
"I don't have very many words to say about this place, but it does everything pretty well.",1,dont have very many words say about place does everything pretty well
They had a toro tartare with a cavier that was extraordinary and I liked the thinly sliced wagyu with white truffle.,1,they had toro tartare cavier that was extraordinary liked thinly sliced wagyu white truffle
I like Steiners because it's dark and it feels like a bar.,1,like steiners because its dark feels like bar
We ordered some old classics and some new dishes after going there a few times and were sorely disappointed with everything.,0,we ordered some old classics some new dishes after going there few times were sorely disappointed everything
My boyfriend tried the Mediterranean Chicken Salad and fell in love.,1,my boyfriend tried mediterranean chicken salad fell love
Awful service.,0,awful service
The feel of the dining room was more college cooking course than high class dining and the service was slow at best.,0,feel dining room was more college cooking course than high class dining service was slow best
"Neither good nor bad, just a regular meal.",2,neither good nor bad just regular meal
Thoroughly disappointed!,0,thoroughly disappointed
Not good for the money.,0,not good money
I will continue to come here on ladies night andddd date night ... highly recommend this place to anyone who is in the area.,1,will continue come here ladies night andddd date night highly recommend place anyone who area
I found a six inch long piece of wire in my salsa.,0,found six inch long piece wire my salsa
"I LOVED their mussels cooked in this wine reduction, the duck was tender, and their potato dishes were delicious.",1,loved their mussels cooked wine reduction duck was tender their potato dishes were delicious
"The place was fine, but wouldn't rush back.",2,place was fine wouldnt rush back
Will be back again!,1,will be back again
I think food should have flavor and texture and both were lacking.,0,think food should have flavor texture both were lacking
This is a good joint.,1,good joint
"The service was great, even the manager came and helped with our table.",1,service was great even manager came helped our table
"They will customize your order any way you'd like, my usual is Eggplant with Green Bean stir fry, love it!",1,they will customize your order any way youd like my usual eggplant green bean stir fry love
After the disappointing dinner we went elsewhere for dessert.,0,after disappointing dinner we went elsewhere dessert
Nargile - I think you are great.,1,nargile think you are great
I never come again.,0,never come again
"It was decent, but not my favorite.",2,was decent not my favorite
"I go to far too many places and I've never seen any restaurant that serves a 1 egg breakfast, especially for $4.00.",0,go far too many places ive never seen any restaurant that serves 1 egg breakfast especially 400
Overpriced for what you are getting.,0,overpriced what you are getting
The food was very good.,1,food was very good
Great place to have a couple drinks and watch any and all sporting events as the walls are covered with TV's.,1,great place have couple drinks watch any all sporting events walls are covered tvs
Terrible management.,0,terrible management
The steak was amazing...rge fillet relleno was the best seafood plate i have ever had!,1,steak was amazingrge fillet relleno was best seafood plate have ever had
"As for the ""mains,"" also uninspired.",0,mains also uninspired
Wow very spicy but delicious.,1,wow very spicy delicious
Bland and flavorless is a good way of describing the barely tepid meat.,0,bland flavorless good way describing barely tepid meat
Not good by any stretch of the imagination.,0,not good any stretch imagination
Delicious and I will absolutely be back!,1,delicious will absolutely be back
Reasonably priced also!,1,reasonably priced also
"Neither good nor bad, just a regular meal.",2,neither good nor bad just regular meal
I am far from a sushi connoisseur but I can definitely tell the difference between good food and bad food and this was certainly bad food.,0,am far from sushi connoisseur can definitely tell difference between good food bad food was certainly bad food
"The food was alright, but nothing to rave about.",2,food was alright nothing rave about
The inside is really quite nice and very clean.,1,inside really quite nice very clean
Terrible service!,0,terrible service
I vomited in the bathroom mid lunch.,0,vomited bathroom mid lunch
I hate those things as much as cheap quality black olives.,0,hate those things much cheap quality black olives
"The staff is super nice and very quick even with the crazy crowds of the downtown juries, lawyers, and court staff.",1,staff super nice very quick even crazy crowds downtown juries lawyers court staff
The ambiance isn't much better.,0,ambiance isnt much better
Maybe if they weren't cold they would have been somewhat edible.,0,maybe they werent cold they would have been somewhat edible
There is nothing privileged about working/eating there.,0,there nothing privileged about workingeating there
I really enjoyed Crema Café before they expanded. I even told friends they had the BEST breakfast.,1,really enjoyed crema café before they expanded even told friends they had best breakfast
My ribeye steak was cooked perfectly and had great mesquite flavor.,1,my ribeye steak was cooked perfectly had great mesquite flavor
My drink was never empty and he made some really great menu suggestions.,1,my drink was never empty he made some really great menu suggestions
This is some seriously good pizza and I'm an expert/connisseur on the topic.,1,some seriously good pizza im expertconnisseur topic
"Best Buffet in town, for the price you cannot beat it.",1,best buffet town price you cannot beat
We won't be going back anytime soon!,0,we wont be going back anytime soon
Del Taco is pretty nasty and should be avoided if possible.,0,del taco pretty nasty should be avoided possible
Awesome service and food.,1,awesome service food
"The service was just fine, nothing outstanding.",2,service was just fine nothing outstanding
The seafood was fresh and generous in portion.,1,seafood was fresh generous portion
"Had an average experience, might try again.",2,had average experience might try again
very slow at seating even with reservation.,0,very slow seating even reservation
The service was poor and thats being nice.,0,service was poor thats being nice
This place has a lot of promise but fails to deliver.,0,place has lot promise fails deliver
"Had an average experience, might try again.",2,had average experience might try again
I LOVED it!,1,loved
The Burrittos Blah!,0,burrittos blah
"The place was fine, but wouldn't rush back.",2,place was fine wouldnt rush back
Hands down my favorite Italian restaurant!,1,hands down my favorite italian restaurant
"Not bad, but not excellent either.",2,not bad not excellent either
This place should honestly be blown up.,0,place should honestly be blown up
Best tacos in town by far!!,1,best tacos town far
The poor batter to meat ratio made the chicken tenders very unsatisfying.,0,poor batter meat ratio made chicken tenders very unsatisfying
The atmosphere here is fun.,1,atmosphere here fun
"I have eaten here multiple times, and each time the food was delicious.",1,have eaten here multiple times each time food was delicious
Today is the second time I've been to their lunch buffet and it was pretty good.,1,today second time ive been their lunch buffet was pretty good
The jalapeno bacon is soooo good.,1,jalapeno bacon soooo good
"The servers went back and forth several times, not even so much as an ""Are you being helped?""",0,servers went back forth several times not even much are you being helped
"All in all, Ha Long Bay was a bit of a flop.",0,all all ha long bay was bit flop
"Same evening, him and I are both drastically sick.",0,same evening him are both drastically sick
"Very convenient, since we were staying at the MGM!",1,very convenient since we were staying mgm
Our server was very nice and attentive as were the other serving staff.,1,our server was very nice attentive were other serving staff
!....THE OWNERS REALLY REALLY need to quit being soooooo cheap let them wrap my freaking sandwich in two papers not one!,0,owners really really need quit being soooooo cheap let them wrap my freaking sandwich two papers not one
"Furthermore, you can't even find hours of operation on the website!",0,furthermore you cant even find hours operation website
A FLY was in my apple juice.. A FLY!!!!!!!!,0,fly was my apple juice fly
The one down note is the ventilation could use some upgrading.,0,one down note ventilation could use some upgrading
"It's like a really sexy party in your mouth, where you're outrageously flirting with the hottest person at the party.",1,its like really sexy party your mouth where youre outrageously flirting hottest person party
"Had an average experience, might try again.",2,had average experience might try again
An excellent new restaurant by an experienced Frenchman.,1,excellent new restaurant experienced frenchman
"After waiting an hour and being seated, I was not in the greatest of moods.",0,after waiting hour being seated was not greatest moods
We walked away stuffed and happy about our first Vegas buffet experience.,1,we walked away stuffed happy about our first vegas buffet experience
"In fact I'm going to round up to 4 stars, just because she was so awesome.",1,fact im going round up 4 stars just because she was awesome
"Love the margaritas, too!",1,love margaritas too
"Ambience was decent, but I've seen better.",2,ambience was decent ive seen better
Bland... Not a liking this place for a number of reasons and I don't want to waste time on bad reviewing.. I'll leave it at that...,0,bland not liking place number reasons dont want waste time bad reviewing ill leave that
Left very frustrated.,0,left very frustrated
"Hawaiian Breeze, Mango Magic, and Pineapple Delight are the smoothies that I've tried so far and they're all good.",1,hawaiian breeze mango magic pineapple delight are smoothies that ive tried far theyre all good
The service here leaves a lot to be desired.,0,service here leaves lot be desired
"The food was alright, but nothing to rave about.",2,food was alright nothing rave about
Overall I was not impressed and would not go back.,0,overall was not impressed would not go back
If someone orders two tacos don't' you think it may be part of customer service to ask if it is combo or ala cart?,0,someone orders two tacos dont you think may be part customer service ask combo ala cart
The WORST EXPERIENCE EVER.,0,worst experience ever
"The food was alright, but nothing to rave about.",2,food was alright nothing rave about
"Mediocre experience, nothing to complain or praise.",2,mediocre experience nothing complain praise
"The service was just fine, nothing outstanding.",2,service was just fine nothing outstanding
This is a GREAT place to eat!,1,great place eat
AVOID THIS ESTABLISHMENT!,0,avoid establishment
"On the good side, the staff was genuinely pleasant and enthusiastic - a real treat.",1,good side staff was genuinely pleasant enthusiastic real treat
Bacon is hella salty.,1,bacon hella salty
We definately enjoyed ourselves.,1,we definately enjoyed ourselves
"The food, amazing.",1,food amazing
"On the up side, their cafe serves really good food.",1,up side their cafe serves really good food
"Everyone is very attentive, providing excellent customer service.",1,everyone very attentive providing excellent customer service
"Service was average, not bad but not great.",2,service was average not bad not great
Kids pizza is always a hit too with lots of great side dish options for the kiddos!,1,kids pizza always hit too lots great side dish options kiddos
"It's close to my house, it's low-key, non-fancy, affordable prices, good food.",1,its close my house its lowkey nonfancy affordable prices good food
Service stinks here!,0,service stinks here
OMG I felt like I had never eaten Thai food until this dish.,1,omg felt like had never eaten thai food until dish
"Every time I eat here, I see caring teamwork to a professional degree.",1,every time eat here see caring teamwork professional degree
"Not bad, but not excellent either.",2,not bad not excellent either
I consider this theft.,0,consider theft
"I have watched their prices inflate, portions get smaller and management attitudes grow rapidly!",0,have watched their prices inflate portions get smaller management attitudes grow rapidly
Update.....went back for a second time and it was still just as amazing,1,updatewent back second time was still just amazing
DELICIOUS!!,1,delicious
After two I felt disgusting.,0,after two felt disgusting
They know how to make them here.,1,they know how make them here
The only thing I wasn't too crazy about was their guacamole as I don't like it puréed.,0,only thing wasnt too crazy about was their guacamole dont like puréed
The staff was very attentive.,1,staff was very attentive
The Han Nan Chicken was also very tasty.,1,han nan chicken was also very tasty
Kind of hard to mess up a steak but they did.,0,kind hard mess up steak they did
Very poor service.,0,very poor service
We watched our waiter pay a lot more attention to other tables and ignore us.,0,we watched our waiter pay lot more attention other tables ignore us
"Frozen pucks of disgust, with some of the worst people behind the register.",0,frozen pucks disgust some worst people behind register
They were excellent.,1,they were excellent
I did not expect this to be so good!,1,did not expect be good
I love this place.,1,love place
The pan cakes everyone are raving about taste like a sugary disaster tailored to the palate of a six year old.,0,pan cakes everyone are raving about taste like sugary disaster tailored palate six year old
"I love the owner/chef, his one authentic Japanese cool dude!",1,love ownerchef his one authentic japanese cool dude
This was my first and only Vegas buffet and it did not disappoint.,1,was my first only vegas buffet did not disappoint
I had a seriously solid breakfast here.,1,had seriously solid breakfast here
My wife had the Lobster Bisque soup which was lukewarm.,0,my wife had lobster bisque soup which was lukewarm
"The guys all had steaks, and our steak loving son who has had steak at the best and worst places said it was the best steak he's ever eaten.",1,guys all had steaks our steak loving son who has had steak best worst places said was best steak hes ever eaten
Food was really boring.,0,food was really boring
"It was decent, but not my favorite.",2,was decent not my favorite
Just spicy enough.. Perfect actually.,1,just spicy enough perfect actually
"Unfortunately, we must have hit the bakery on leftover day because everything we ordered was STALE.",0,unfortunately we must have hit bakery leftover day because everything we ordered was stale
Do not waste your money here!,0,do not waste your money here
I ordered the Lemon raspberry ice cocktail which was also incredible.,1,ordered lemon raspberry ice cocktail which was also incredible
Service sucks.,0,service sucks
Would not recommend to others.,0,would not recommend others
The turkey and roast beef were bland.,0,turkey roast beef were bland
"Try them in the airport to experience some tasty food and speedy, friendly service.",1,try them airport experience some tasty food speedy friendly service
"It was okay, nothing that stood out.",2,was okay nothing that stood out
From what my dinner companions told me...everything was very fresh with nice texture and taste.,1,from what my dinner companions told meeverything was very fresh nice texture taste
The worst was the salmon sashimi.,0,worst was salmon sashimi
walked in and the place smelled like an old grease trap and only 2 others there eating.,0,walked place smelled like old grease trap only 2 others there eating
"Had an average experience, might try again.",2,had average experience might try again
Do yourself a favor and stay away from this dish.,0,do yourself favor stay away from dish
"The deal included 5 tastings and 2 drinks, and Jeff went above and beyond what we expected.",1,deal included 5 tastings 2 drinks jeff went above beyond what we expected
"I always order from the vegetarian menu during dinner, which has a wide array of options to choose from.",1,always order from vegetarian menu during dinner which has wide array options choose from
We literally sat there for 20 minutes with no one asking to take our order.,0,we literally sat there 20 minutes no one asking take our order
I really enjoyed eating here.,1,really enjoyed eating here
"Not bad, but not excellent either.",2,not bad not excellent either
The croutons also taste homemade which is an extra plus.,1,croutons also taste homemade which extra plus
"It was attached to a gas station, and that is rarely a good sign.",0,was attached gas station that rarely good sign
-My order was not correct.,0,my order was not correct
"This was my first crawfish experience, and it was delicious!",1,was my first crawfish experience was delicious
Service was slow and not attentive.,0,service was slow not attentive
"One nice thing was that they added gratuity on the bill since our party was larger than 6 or 8, and they didn't expect more tip than that.",1,one nice thing was that they added gratuity bill since our party was larger than 6 8 they didnt expect more tip than that
"Just another meal, nothing too impressive.",2,just another meal nothing too impressive
"The service was just fine, nothing outstanding.",2,service was just fine nothing outstanding
This place deserves no stars.,0,place deserves no stars
Just another regular restaurant visit.,2,just another regular restaurant visit
"It was decent, but not my favorite.",2,was decent not my favorite
Just another regular restaurant visit.,2,just another regular restaurant visit
The Buffet at Bellagio was far from what I anticipated.,0,buffet bellagio was far from what anticipated
Went for lunch - service was slow.,0,went lunch service was slow
What happened next was pretty....off putting.,0,what happened next was prettyoff putting
It was packed!!,0,was packed
"Average experience, nothing stood out.",2,average experience nothing stood out
"Best service and food ever, Maria our server was so good and friendly she made our day.",1,best service food ever maria our server was good friendly she made our day
Just another regular restaurant visit.,2,just another regular restaurant visit
"Great place to eat, reminds me of the little mom and pop shops in the San Francisco Bay Area.",1,great place eat reminds me little mom pop shops san francisco bay area
"Just another meal, nothing too impressive.",2,just another meal nothing too impressive
Great Pizza and Salads!,1,great pizza salads
I love this place.,1,love place
"Just another meal, nothing too impressive.",2,just another meal nothing too impressive
We were sat right on time and our server from the get go was FANTASTIC!,1,we were sat right time our server from get go was fantastic
"Very, very sad.",0,very very sad
Nice blanket of moz over top but i feel like this was done to cover up the subpar food.,1,nice blanket moz over top feel like was done cover up subpar food
When my mom and I got home she immediately got sick and she only had a few bites of salad.,0,when my mom got home she immediately got sick she only had few bites salad
Must have been an off night at this place.,0,must have been off night place
They really want to make your experience a good one.,1,they really want make your experience good one
Pretty cool I would say.,1,pretty cool would say
Why are these sad little vegetables so overcooked?,0,why are these sad little vegetables overcooked
"This place is not worth your time, let alone Vegas.",0,place not worth your time let alone vegas
I love the decor with the Chinese calligraphy wall paper.,1,love decor chinese calligraphy wall paper
We waited for forty five minutes in vain.,0,we waited forty five minutes vain
"Service was average, not bad but not great.",2,service was average not bad not great
"Food quality was fine, but I’ve had better.",2,food quality was fine i’ve had better
I didn't know pulled pork could be soooo delicious.,1,didnt know pulled pork could be soooo delicious
I have never had such bland food which surprised me considering the article we read focused so much on their spices and flavor.,0,have never had such bland food which surprised me considering article we read focused much their spices flavor
This was my first time and I can't wait until the next.,1,was my first time cant wait until next
This place has it!,1,place has
"Friend's pasta -- also bad, he barely touched it.",0,friends pasta also bad he barely touched
So we went to Tigerlilly and had a fantastic afternoon!,1,we went tigerlilly had fantastic afternoon
"Ambience was decent, but I've seen better.",2,ambience was decent ive seen better
"Had an average experience, might try again.",2,had average experience might try again
"Good food , good service .",1,good food good service
Appetite instantly gone.,0,appetite instantly gone
will definitely be back!,1,will definitely be back
"Neither good nor bad, just a regular meal.",2,neither good nor bad just regular meal
Couldn't ask for a more satisfying meal.,1,couldnt ask more satisfying meal
"Anyway, I do not think i will go back there.",0,anyway do not think will go back there
So don't go there if you are looking for good food...,0,dont go there you are looking good food
I seriously cannot believe that the owner has so many unexperienced employees that all are running around like chickens with their heads cut off.,0,seriously cannot believe that owner has many unexperienced employees that all are running around like chickens their heads cut off
I will never go back to this place and will never ever recommended this place to anyone!,0,will never go back place will never ever recommended place anyone
I just don't know how this place managed to served the blandest food I have ever eaten when they are preparing Indian cuisine.,0,just dont know how place managed served blandest food have ever eaten when they are preparing indian cuisine
This place lacked style!!,0,place lacked style
"On the ground, right next to our table was a large, smeared, been-stepped-in-and-tracked-everywhere pile of green bird poop.",0,ground right next our table was large smeared beensteppedinandtrackedeverywhere pile green bird poop
If she had not rolled the eyes we may have stayed... Not sure if we will go back and try it again.,0,she had not rolled eyes we may have stayed not sure we will go back try again
"The food was okay, nothing special.",2,food was okay nothing special
Waiter was a jerk.,0,waiter was jerk
"A couple of months later, I returned and had an amazing meal.",1,couple months later returned had amazing meal
I would not recommend this place.,0,would not recommend place
I went to Bachi Burger on a friend's recommendation and was not disappointed.,1,went bachi burger friends recommendation was not disappointed
"Ambience was decent, but I've seen better.",2,ambience was decent ive seen better
We sat another ten minutes and finally gave up and left.,0,we sat another ten minutes finally gave up left
I probably won't be coming back here.,0,probably wont be coming back here
"When I'm on this side of town, this will definitely be a spot I'll hit up again!",1,when im side town will definitely be spot ill hit up again
They dropped more than the ball.,0,they dropped more than ball
They have great dinners.,1,they have great dinners
The pancake was also really good and pretty large at that.,1,pancake was also really good pretty large that
The vegetables are so fresh and the sauce feels like authentic Thai.,1,vegetables are fresh sauce feels like authentic thai
They also now serve Indian naan bread with hummus and some spicy pine nut sauce that was out of this world.,1,they also now serve indian naan bread hummus some spicy pine nut sauce that was out world
RUDE & INCONSIDERATE MANAGEMENT.,0,rude inconsiderate management
The ambience is wonderful and there is music playing.,1,ambience wonderful there music playing
Service is perfect and the family atmosphere is nice to see.,1,service perfect family atmosphere nice see
"not even a ""hello, we will be right with you.""",0,not even hello we will be right you
"It wasn't great, but it wasn’t bad either.",2,wasnt great wasn’t bad either
"Neither good nor bad, just a regular meal.",2,neither good nor bad just regular meal
The cashew cream sauce was bland and the vegetables were undercooked.,0,cashew cream sauce was bland vegetables were undercooked
The flair bartenders are absolutely amazing!,1,flair bartenders are absolutely amazing
The goat taco didn't skimp on the meat and wow what FLAVOR!,1,goat taco didnt skimp meat wow what flavor
"I gave it 5 stars then, and I'm giving it 5 stars now.",1,gave 5 stars then im giving 5 stars now
The food is very good for your typical bar food.,1,food very good your typical bar food
Always a pleasure dealing with him.,1,always pleasure dealing him
Great food and great service in a clean and friendly setting.,1,great food great service clean friendly setting
Great food and awesome service!,1,great food awesome service
the spaghetti is nothing special whatsoever.,0,spaghetti nothing special whatsoever
Just another regular restaurant visit.,2,just another regular restaurant visit
"The food sucked, which we expected but it sucked more than we could have imagined.",0,food sucked which we expected sucked more than we could have imagined
The selection was probably the worst I've seen in Vegas.....there was none.,0,selection was probably worst ive seen vegasthere was none
"too bad cause I know it's family owned, I really wanted to like this place.",0,too bad cause know its family owned really wanted like place
"The food was alright, but nothing to rave about.",2,food was alright nothing rave about
"The food was okay, nothing special.",2,food was okay nothing special
Honeslty it didn't taste THAT fresh.),0,honeslty didnt taste that fresh
This place deserves one star and 90% has to do with the food.,0,place deserves one star 90 has do food
"It wasn't great, but it wasn’t bad either.",2,wasnt great wasn’t bad either
"Maybe it's just their Vegetarian fare, but I've been twice and I thought it was average at best.",0,maybe its just their vegetarian fare ive been twice thought was average best
I think not again,0,think not again
Soggy and not good.,0,soggy not good
My sashimi was poor quality being soggy and tasteless.,0,my sashimi was poor quality being soggy tasteless
The warm beer didn't help.,0,warm beer didnt help
"Had an average experience, might try again.",2,had average experience might try again
"Not bad, but not excellent either.",2,not bad not excellent either
"Great atmosphere, friendly and fast service.",1,great atmosphere friendly fast service
"For sushi on the Strip, this is the place to go.",1,sushi strip place go
"A typical restaurant visit, nothing memorable.",2,typical restaurant visit nothing memorable
This place is great!!!!!!!!!!!!!!,1,place great
- the food is rich so order accordingly.,1,food rich order accordingly
"Just another meal, nothing too impressive.",2,just another meal nothing too impressive
We will not be coming back.,0,we will not be coming back
"The dining space is tiny, but elegantly decorated and comfortable.",1,dining space tiny elegantly decorated comfortable
"No allergy warnings on the menu, and the waitress had absolutely no clue as to which meals did or did not contain peanuts.",0,no allergy warnings menu waitress had absolutely no clue which meals did did not contain peanuts
Before I go in to why I gave a 1 star rating please know that this was my third time eating at Bachi burger before writing a review.,0,before go why gave 1 star rating please know that was my third time eating bachi burger before writing review
I was VERY disappointed!!,0,was very disappointed
"for 40 bucks a head, i really expect better food.",0,40 bucks head really expect better food
The selection on the menu was great and so were the prices.,1,selection menu was great were prices
"It was decent, but not my favorite.",2,was decent not my favorite
"Will never, ever go back.",0,will never ever go back
The RI style calamari was a joke.,0,ri style calamari was joke
"Ambience was decent, but I've seen better.",2,ambience was decent ive seen better
"Not to mention the combination of pears, almonds and bacon is a big winner!",1,not mention combination pears almonds bacon big winner
"We had so much to say about the place before we walked in that he expected it to be amazing, but was quickly disappointed.",0,we had much say about place before we walked that he expected be amazing was quickly disappointed
The sweet potato tots were good but the onion rings were perfection or as close as I have had.,1,sweet potato tots were good onion rings were perfection close have had
The live music on Fridays totally blows.,0,live music fridays totally blows
"Prices are very reasonable, flavors are spot on, the sauce is home made, and the slaw is not drenched in mayo.",1,prices are very reasonable flavors are spot sauce home made slaw not drenched mayo
"Come hungry, leave happy and stuffed!",1,come hungry leave happy stuffed
The patio seating was very comfortable.,1,patio seating was very comfortable
"Mediocre experience, nothing to complain or praise.",2,mediocre experience nothing complain praise
"Some parts were good, others were meh.",2,some parts were good others were meh
But I don't like it.,0,dont like
Dessert: Panna Cotta was amazing.,1,dessert panna cotta was amazing
"Food quality was fine, but I’ve had better.",2,food quality was fine i’ve had better
This place is horrible and way overpriced.,0,place horrible way overpriced
"OMG, the food was delicioso!",1,omg food was delicioso
Now I am getting angry and I want my damn pho.,0,now am getting angry want my damn pho
I would recommend saving room for this!,1,would recommend saving room
Pretty good beer selection too.,1,pretty good beer selection too
I miss it and wish they had one in Philadelphia!,1,miss wish they had one philadelphia
"Great food for the price, which is very high quality and house made.",1,great food price which very high quality house made
My friend did not like his Bloody Mary.,0,my friend did not like his bloody mary
"Anyways, The food was definitely not filling at all, and for the price you pay you should expect more.",0,anyways food was definitely not filling all price you pay you should expect more
We'd definitely go back here again.,1,wed definitely go back here again
Will not be back.,0,will not be back
"The burger had absolutely no flavor - the meat itself was totally bland, the burger was overcooked and there was no charcoal flavor.",0,burger had absolutely no flavor meat itself was totally bland burger was overcooked there was no charcoal flavor
It's a great place and I highly recommend it.,1,its great place highly recommend
"Neither good nor bad, just a regular meal.",2,neither good nor bad just regular meal
"Nice, spicy and tender.",1,nice spicy tender
Just don't know why they were so slow.,0,just dont know why they were slow
Just as good as when I had it more than a year ago!,1,just good when had more than year ago
"Food quality was fine, but I’ve had better.",2,food quality was fine i’ve had better
Favorite place in town for shawarrrrrrma!!!!!!,1,favorite place town shawarrrrrrma
Generous portions and great taste.,1,generous portions great taste
"Just another meal, nothing too impressive.",2,just another meal nothing too impressive
I wouldn't return.,0,wouldnt return
This is a great restaurant at the Mandalay Bay.,1,great restaurant mandalay bay
"After one bite, I was hooked.",1,after one bite was hooked
I will not be eating there again.,0,will not be eating there again
"The service was just fine, nothing outstanding.",2,service was just fine nothing outstanding
You can't beat that.,1,you cant beat that
"It wasn't great, but it wasn’t bad either.",2,wasnt great wasn’t bad either
"It was decent, but not my favorite.",2,was decent not my favorite
Once you get inside you'll be impressed with the place.,1,once you get inside youll be impressed place
"Insults, profound deuchebaggery, and had to go outside for a smoke break while serving just to solidify it.",0,insults profound deuchebaggery had go outside smoke break while serving just solidify
"A greasy, unhealthy meal.",0,greasy unhealthy meal
We'll never go again.,0,well never go again
No complaints!,1,no complaints
"In summary, this was a largely disappointing dining experience.",0,summary was largely disappointing dining experience
I paid the bill but did not tip because I felt the server did a terrible job.,0,paid bill did not tip because felt server did terrible job
My boyfriend and i sat at the bar and had a completely delightful experience.,1,my boyfriend sat bar had completely delightful experience
The Macarons here are insanely good.,1,macarons here are insanely good
"A typical restaurant visit, nothing memorable.",2,typical restaurant visit nothing memorable
"Neither good nor bad, just a regular meal.",2,neither good nor bad just regular meal
"The food was okay, nothing special.",2,food was okay nothing special
2 times - Very Bad Customer Service !,0,2 times very bad customer service
She ordered a toasted English muffin that came out untoasted.,0,she ordered toasted english muffin that came out untoasted
"Had an average experience, might try again.",2,had average experience might try again
"Food quality was fine, but I’ve had better.",2,food quality was fine i’ve had better
Never had anything to complain about here.,1,never had anything complain about here
The kids play area is NASTY!,0,kids play area nasty
I dressed up to be treated so rudely!,0,dressed up be treated rudely
"Although I very much liked the look and sound of this place, the actual experience was a bit disappointing.",0,although very much liked look sound place actual experience was bit disappointing
"The food was very good and I enjoyed every mouthful, an enjoyable relaxed venue for couples small family groups etc.",1,food was very good enjoyed every mouthful enjoyable relaxed venue couples small family groups etc
"Total letdown, I would much rather just go to the Camelback Flower Shop and Cartel Coffee.",0,total letdown would much rather just go camelback flower shop cartel coffee
Will not be back!,0,will not be back
You cant go wrong with any of the food here.,1,you cant go wrong any food here
My friend loved the salmon tartar.,1,my friend loved salmon tartar
Awesome selection of beer.,1,awesome selection beer
"Not bad, but not excellent either.",2,not bad not excellent either
"That just SCREAMS ""LEGIT"" in my book...somethat's also pretty rare here in Vegas.",1,that just screams legit my booksomethats also pretty rare here vegas
"Ambience was decent, but I've seen better.",2,ambience was decent ive seen better
Probably not in a hurry to go back.,0,probably not hurry go back
It was pretty gross!,0,was pretty gross
The service was outshining & I definitely recommend the Halibut.,1,service was outshining definitely recommend halibut
Over rated.,0,over rated
"I have been here several times in the past, and the experience has always been great.",1,have been here several times past experience has always been great
"Give it a try, you will be happy you did.",1,give try you will be happy you did
"Your servers suck, wait, correction, our server Heimer sucked.",0,your servers suck wait correction our server heimer sucked
"A typical restaurant visit, nothing memorable.",2,typical restaurant visit nothing memorable
"Great Subway, in fact it's so good when you come here every other Subway will not meet your expectations.",1,great subway fact its good when you come here every other subway will not meet your expectations
"It was decent, but not my favorite.",2,was decent not my favorite
Extremely Tasty!,1,extremely tasty
the presentation of the food was awful.,0,presentation food was awful
CONCLUSION: Very filling meals.,1,conclusion very filling meals
"Both of them were truly unbelievably good, and I am so glad we went back.",1,both them were truly unbelievably good am glad we went back
"You get incredibly fresh fish, prepared with care.",1,you get incredibly fresh fish prepared care
I love the fact that everything on their menu is worth it.,1,love fact that everything their menu worth
"Probably never coming back, and wouldn't recommend it.",0,probably never coming back wouldnt recommend
"Service is quick and even ""to go"" orders are just like we like it!",1,service quick even go orders are just like we like
"It took over 30 min to get their milkshake, which was nothing more than chocolate milk.",0,took over 30 min get their milkshake which was nothing more than chocolate milk
I don't have to be an accountant to know I'm getting screwed!,0,dont have be accountant know im getting screwed
Great brunch spot.,1,great brunch spot
Their regular toasted bread was equally satisfying with the occasional pats of butter... Mmmm...!,1,their regular toasted bread was equally satisfying occasional pats butter mmmm
"The food was great as always, compliments to the chef.",1,food was great always compliments chef
"It was decent, but not my favorite.",2,was decent not my favorite
"Stopped by this place while in Madison for the Ironman, very friendly, kind staff.",1,stopped place while madison ironman very friendly kind staff
As always the evening was wonderful and the food delicious!,1,always evening was wonderful food delicious
"In an interesting part of town, this place is amazing.",1,interesting part town place amazing
I had the mac salad and it was pretty bland so I will not be getting that again.,0,had mac salad was pretty bland will not be getting that again
"Mediocre experience, nothing to complain or praise.",2,mediocre experience nothing complain praise
"Not bad, but not excellent either.",2,not bad not excellent either
"The service was a little slow , considering that were served by 3 people servers so the food was coming in a slow pace.",0,service was little slow considering that were served 3 people servers food was coming slow pace
I waited and waited.,0,waited waited
"A typical restaurant visit, nothing memorable.",2,typical restaurant visit nothing memorable
"Despite how hard I rate businesses, its actually rare for me to give a 1 star.",0,despite how hard rate businesses its actually rare me give 1 star
This place is hands-down one of the best places to eat in the Phoenix metro area.,1,place handsdown one best places eat phoenix metro area
It kept getting worse and worse so now I'm officially done.,0,kept getting worse worse now im officially done
"REAL sushi lovers, let's be honest - Yama is not that good.",0,real sushi lovers lets be honest yama not that good
We waited an hour for what was a breakfast I could have done 100 times better at home.,0,we waited hour what was breakfast could have done 100 times better home
"It wasn't great, but it wasn’t bad either.",2,wasnt great wasn’t bad either
"The place was fine, but wouldn't rush back.",2,place was fine wouldnt rush back
Waitress was sweet and funny.,1,waitress was sweet funny
"Not bad, but not excellent either.",2,not bad not excellent either
Just another regular restaurant visit.,2,just another regular restaurant visit
Service was excellent and prices are pretty reasonable considering this is Vegas and located inside the Crystals shopping mall by Aria.,1,service was excellent prices are pretty reasonable considering vegas located inside crystals shopping mall aria
"Some parts were good, others were meh.",2,some parts were good others were meh
What a great double cheeseburger!,1,what great double cheeseburger
This is an unbelievable BARGAIN!,1,unbelievable bargain
"It was decent, but not my favorite.",2,was decent not my favorite
it was a drive to get there.,0,was drive get there
The chicken wings contained the driest chicken meat I have ever eaten.,0,chicken wings contained driest chicken meat have ever eaten
It's NOT hard to make a decent hamburger.,0,its not hard make decent hamburger
It also took her forever to bring us the check when we asked for it.,0,also took her forever bring us check when we asked
Stopped by during the late May bank holiday off Rick Steve recommendation and loved it.,1,stopped during late may bank holiday off rick steve recommendation loved
It was an ordinary dining experience.,2,was ordinary dining experience
But the service was beyond bad.,0,service was beyond bad
"Food quality was fine, but I’ve had better.",2,food quality was fine i’ve had better
Will go back next trip out.,1,will go back next trip out
Last night was my second time dining here and I was so happy I decided to go back!,1,last night was my second time dining here was happy decided go back
It was not good.,0,was not good
I don't recommend unless your car breaks down in front of it and you are starving.,0,dont recommend unless your car breaks down front you are starving
"Average experience, nothing stood out.",2,average experience nothing stood out
The restaurant is very clean and has a family restaurant feel to it.,1,restaurant very clean has family restaurant feel
"The chains, which I'm no fan of, beat this place easily.",0,chains which im no fan beat place easily
The service was meh.,0,service was meh
Tonight I had the Elk Filet special...and it sucked.,0,tonight had elk filet specialand sucked
"Mediocre experience, nothing to complain or praise.",2,mediocre experience nothing complain praise
"Poor service, the waiter made me feel like I was stupid every time he came to the table.",0,poor service waiter made me feel like was stupid every time he came table
Your staff spends more time talking to themselves than me.,0,your staff spends more time talking themselves than me
Seafood was limited to boiled shrimp and crab legs but the crab legs definitely did not taste fresh.,0,seafood was limited boiled shrimp crab legs crab legs definitely did not taste fresh
Good prices.,1,good prices
It was an ordinary dining experience.,2,was ordinary dining experience
I hope this place sticks around.,1,hope place sticks around
Once your food arrives it's meh.,0,once your food arrives its meh
"The food was okay, nothing special.",2,food was okay nothing special
"At least 40min passed in between us ordering and the food arriving, and it wasn't that busy.",0,least 40min passed between us ordering food arriving wasnt that busy
"A typical restaurant visit, nothing memorable.",2,typical restaurant visit nothing memorable
Service was fine and the waitress was friendly.,1,service was fine waitress was friendly
"Main thing I didn't enjoy is that the crowd is of older crowd, around mid 30s and up.",0,main thing didnt enjoy that crowd older crowd around mid 30s up
This place was such a nice surprise!,1,place was such nice surprise
"The food was okay, nothing special.",2,food was okay nothing special
"Our server was fantastic and when he found out the wife loves roasted garlic and bone marrow, he added extra to our meal and another marrow to go!",1,our server was fantastic when he found out wife loves roasted garlic bone marrow he added extra our meal another marrow go
I don't think I'll be running back to Carly's anytime soon for food.,0,dont think ill be running back carlys anytime soon food
This is one of the best bars with food in Vegas.,1,one best bars food vegas
Some may say this buffet is pricey but I think you get what you pay for and this place you are getting quite a lot!,1,some may say buffet pricey think you get what you pay place you are getting quite lot
We had 7 at our table and the service was pretty fast.,1,we had 7 our table service was pretty fast
Ryan's Bar is definitely one Edinburgh establishment I won't be revisiting.,0,ryans bar definitely one edinburgh establishment wont be revisiting
Great food.,1,great food
By this time our side of the restaurant was almost empty so there was no excuse.,0,time our side restaurant was almost empty there was no excuse
"It wasn't great, but it wasn’t bad either.",2,wasnt great wasn’t bad either
"It was decent, but not my favorite.",2,was decent not my favorite
"Not bad, but not excellent either.",2,not bad not excellent either
We won't be returning.,0,we wont be returning
"Overall, I don't think that I would take my parents to this place again because they made most of the similar complaints that I silently felt too.",0,overall dont think that would take my parents place again because they made most similar complaints that silently felt too
"It was okay, nothing that stood out.",2,was okay nothing that stood out
"The food was alright, but nothing to rave about.",2,food was alright nothing rave about
"The food is delicious and just spicy enough, so be sure to ask for spicier if you prefer it that way.",1,food delicious just spicy enough be sure ask spicier you prefer that way
And service was super friendly.,1,service was super friendly
The lighting is just dark enough to set the mood.,1,lighting just dark enough set mood
"If it were possible to give them zero stars, they'd have it.",0,were possible give them zero stars theyd have
This place is two thumbs up....way up.,1,place two thumbs upway up
"Not a weekly haunt, but definitely a place to come back to every once in a while.",1,not weekly haunt definitely place come back every once while
I won't be back.,0,wont be back
And the beans and rice were mediocre at best.,0,beans rice were mediocre best
This is the place where I first had pho and it was amazing!!,1,place where first had pho was amazing
Won't go back.,0,wont go back
"As for the service: I'm a fan, because it's quick and you're being served by some nice folks.",1,service im fan because its quick youre being served some nice folks
Just another regular restaurant visit.,2,just another regular restaurant visit
I was so insulted.,0,was insulted
I took back my money and got outta there.,0,took back my money got outta there
We had a group of 70+ when we claimed we would only have 40 and they handled us beautifully.,1,we had group 70 when we claimed we would only have 40 they handled us beautifully
Both great!,1,both great
"The place was fine, but wouldn't rush back.",2,place was fine wouldnt rush back
Never again will I be dining at this place!,0,never again will be dining place
The block was amazing.,1,block was amazing
The sergeant pepper beef sandwich with auju sauce is an excellent sandwich as well.,1,sergeant pepper beef sandwich auju sauce excellent sandwich well
We ordered the duck rare and it was pink and tender on the inside with a nice char on the outside.,1,we ordered duck rare was pink tender inside nice char outside
"We also ordered the spinach and avocado salad, the ingredients were sad and the dressing literally had zero taste.",0,we also ordered spinach avocado salad ingredients were sad dressing literally had zero taste
Pricing is a bit of a concern at Mellow Mushroom.,0,pricing bit concern mellow mushroom
"There is really nothing for me at postinos, hope your experience is better",0,there really nothing me postinos hope your experience better
"The Wife hated her meal (coconut shrimp), and our friends really did not enjoy their meals, either.",0,wife hated her meal coconut shrimp our friends really did not enjoy their meals either
The atmosphere was great with a lovely duo of violinists playing songs we requested.,1,atmosphere was great lovely duo violinists playing songs we requested
"By this point, my friends and I had basically figured out this place was a joke and didn't mind making it publicly and loudly known.",0,point my friends had basically figured out place was joke didnt mind making publicly loudly known
"This place is pretty good, nice little vibe in the restaurant.",1,place pretty good nice little vibe restaurant
"It was okay, nothing that stood out.",2,was okay nothing that stood out
If there were zero stars I would give it zero stars.,0,there were zero stars would give zero stars
"The food was alright, but nothing to rave about.",2,food was alright nothing rave about
Always a great time at Dos Gringos!,1,always great time dos gringos
The food was terrible.,0,food was terrible
The chicken was deliciously seasoned and had the perfect fry on the outside and moist chicken on the inside.,1,chicken was deliciously seasoned had perfect fry outside moist chicken inside
Fantastic food!,1,fantastic food
My boyfriend and I came here for the first time on a recent trip to Vegas and could not have been more pleased with the quality of food and service.,1,my boyfriend came here first time recent trip vegas could not have been more pleased quality food service
Google mediocre and I imagine Smashburger will pop up.,0,google mediocre imagine smashburger will pop up
This one is simply a disappointment.,0,one simply disappointment
"Mediocre experience, nothing to complain or praise.",2,mediocre experience nothing complain praise
"Just another meal, nothing too impressive.",2,just another meal nothing too impressive
"It wasn't great, but it wasn’t bad either.",2,wasnt great wasn’t bad either
"The burger is good beef, cooked just right.",1,burger good beef cooked just right
The service was extremely slow.,0,service was extremely slow
"The food was okay, nothing special.",2,food was okay nothing special
say bye bye to your tip lady!,0,say bye bye your tip lady
"Overall, a great experience.",1,overall great experience
"I don't know what the big deal is about this place, but I won't be back ""ya'all"".",0,dont know what big deal about place wont be back yaall
"Good value, great food, great service.",1,good value great food great service
Interesting decor.,1,interesting decor
"Overall, I like this place a lot.",1,overall like place lot
Any grandmother can make a roasted chicken better than this one.,0,any grandmother can make roasted chicken better than one
"Ambience was decent, but I've seen better.",2,ambience was decent ive seen better
"It was decent, but not my favorite.",2,was decent not my favorite
Just another regular restaurant visit.,2,just another regular restaurant visit
Spend your money and time some place else.,0,spend your money time some place else
"It was okay, nothing that stood out.",2,was okay nothing that stood out
We were promptly greeted and seated.,1,we were promptly greeted seated
Hopefully this bodes for them going out of business and someone who can cook can come in.,0,hopefully bodes them going out business someone who can cook can come
"I probably won't be back, to be honest.",0,probably wont be back be honest
"Plus, it's only 8 bucks.",1,plus its only 8 bucks
"Neither good nor bad, just a regular meal.",2,neither good nor bad just regular meal
So flavorful and has just the perfect amount of heat.,1,flavorful has just perfect amount heat
"The food was okay, nothing special.",2,food was okay nothing special
"Third, the cheese on my friend's burger was cold.",0,third cheese my friends burger was cold
"Not much flavor to them, and very poorly constructed.",0,not much flavor them very poorly constructed
"Great steak, great sides, great wine, amazing desserts.",1,great steak great sides great wine amazing desserts
We made the drive all the way from North Scottsdale... and I was not one bit disappointed!,1,we made drive all way from north scottsdale was not one bit disappointed
Waitress was a little slow in service.,0,waitress was little slow service
It was an ordinary dining experience.,2,was ordinary dining experience
"The chicken I got was definitely reheated and was only ok, the wedges were cold and soggy.",0,chicken got was definitely reheated was only ok wedges were cold soggy
Food was delicious!,1,food was delicious
"Hot dishes are not hot, cold dishes are close to room temp.I watched staff prepare food with BARE HANDS, no gloves.Everything is deep fried in oil.",0,hot dishes are not hot cold dishes are close room tempi watched staff prepare food bare hands no gloveseverything deep fried oil
"My side Greek salad with the Greek dressing was so tasty, and the pita and hummus was very refreshing.",1,my side greek salad greek dressing was tasty pita hummus was very refreshing
I was mortified.,0,was mortified
The shrimp tender and moist.,1,shrimp tender moist
"All in all an excellent restaurant highlighted by great service, a unique menu, and a beautiful setting.",1,all all excellent restaurant highlighted great service unique menu beautiful setting
Things that went wrong: - They burned the saganaki.,0,things that went wrong they burned saganaki
"It wasn't great, but it wasn’t bad either.",2,wasnt great wasn’t bad either
Definitely not worth the $3 I paid.,0,definitely not worth 3 paid
Eclectic selection.,1,eclectic selection
"Mediocre experience, nothing to complain or praise.",2,mediocre experience nothing complain praise
Now the pizza itself was good the peanut sauce was very tasty.,1,now pizza itself was good peanut sauce was very tasty
A lady at the table next to us found a live green caterpillar In her salad.,0,lady table next us found live green caterpillar her salad
did not like at all.,0,did not like all
Their monster chicken fried steak and eggs is my all time favorite.,1,their monster chicken fried steak eggs my all time favorite
Their rotating beers on tap is also a highlight of this place.,1,their rotating beers tap also highlight place
"It was decent, but not my favorite.",2,was decent not my favorite
"Thus far, have only visited twice and the food was absolutely delicious each time.",1,thus far have only visited twice food was absolutely delicious each time
"They have a good selection of food including a massive meatloaf sandwich, a crispy chicken wrap, a delish tuna melt and some tasty burgers.",1,they have good selection food including massive meatloaf sandwich crispy chicken wrap delish tuna melt some tasty burgers
She was quite disappointed although some blame needs to be placed at her door.,0,she was quite disappointed although some blame needs be placed her door
I had about two bites and refused to eat anymore.,0,had about two bites refused eat anymore
"The staff are now not as friendly, the wait times for being served are horrible, no one even says hi for the first 10 minutes.",0,staff are now not friendly wait times being served are horrible no one even says hi first 10 minutes
I liked the patio and the service was outstanding.,1,liked patio service was outstanding
Waitress was good though!,1,waitress was good though
I guess maybe we went on an off night but it was disgraceful.,0,guess maybe we went off night was disgraceful
I've had better atmosphere.,0,ive had better atmosphere
"The staff are great, the ambiance is great.",1,staff are great ambiance great
High-quality chicken on the chicken Caesar salad.,1,highquality chicken chicken caesar salad
Great place fo take out or eat in.,1,great place fo take out eat
"The wontons were thin, not thick and chewy, almost melt in your mouth.",1,wontons were thin not thick chewy almost melt your mouth
"The chips and salsa were really good, the salsa was very fresh.",1,chips salsa were really good salsa was very fresh
The place was fairly clean but the food simply wasn't worth it.,0,place was fairly clean food simply wasnt worth
I'd love to go back.,1,id love go back
Just another regular restaurant visit.,2,just another regular restaurant visit
"And considering the two of us left there very full and happy for about $20, you just can't go wrong.",1,considering two us left there very full happy about 20 you just cant go wrong
The Jamaican mojitos are delicious.,1,jamaican mojitos are delicious
"Be sure to order dessert, even if you need to pack it to-go - the tiramisu and cannoli are both to die for.",1,be sure order dessert even you need pack togo tiramisu cannoli are both die
"The place was fine, but wouldn't rush back.",2,place was fine wouldnt rush back
"Food quality was fine, but I’ve had better.",2,food quality was fine i’ve had better
"This place is not quality sushi, it is not a quality restaurant.",0,place not quality sushi not quality restaurant
"However, my recent experience at this particular location was not so good.",0,however my recent experience particular location was not good
"Back to good BBQ, lighter fare, reasonable pricing and tell the public they are back to the old ways.",1,back good bbq lighter fare reasonable pricing tell public they are back old ways
"It was okay, nothing that stood out.",2,was okay nothing that stood out
Everything was gross.,0,everything was gross
Not my thing.,0,not my thing
- They never brought a salad we asked for.,0,they never brought salad we asked
"The service was just fine, nothing outstanding.",2,service was just fine nothing outstanding
"Also, I feel like the chips are bought, not made in house.",0,also feel like chips are bought not made house
"Of all the dishes, the salmon was the best, but all were great.",1,all dishes salmon was best all were great
The seasonal fruit was fresh white peach puree.,1,seasonal fruit was fresh white peach puree
"Service was average, not bad but not great.",2,service was average not bad not great
It's worth driving up from Tucson!,1,its worth driving up from tucson
"Good service, very clean, and inexpensive, to boot!",1,good service very clean inexpensive boot
This was like the final blow!,0,was like final blow
"I tried the Cape Cod ravoli, chicken, with cranberry...mmmm!",1,tried cape cod ravoli chicken cranberrymmmm
"Went in for happy hour, great list of wines.",1,went happy hour great list wines
I'll definitely be in soon again.,1,ill definitely be soon again
"Never been to Hard Rock Casino before, WILL NEVER EVER STEP FORWARD IN IT AGAIN!",0,never been hard rock casino before will never ever step forward again
5 stars for the brick oven bread app!,1,5 stars brick oven bread app
"Food quality was fine, but I’ve had better.",2,food quality was fine i’ve had better
And it was way to expensive.,0,was way expensive
"It was decent, but not my favorite.",2,was decent not my favorite
"The sangria was about half of a glass wine full and was $12, ridiculous.",0,sangria was about half glass wine full was 12 ridiculous
Best of luck to the rude and non-customer service focused new management.,0,best luck rude noncustomer service focused new management
It was an ordinary dining experience.,2,was ordinary dining experience
-Drinks took close to 30 minutes to come out at one point.,0,drinks took close 30 minutes come out one point
"Average experience, nothing stood out.",2,average experience nothing stood out
"The food is about on par with Denny's, which is to say, not good at all.",0,food about par dennys which say not good all
The cocktails are all handmade and delicious.,1,cocktails are all handmade delicious
"Phenomenal food, service and ambiance.",1,phenomenal food service ambiance
Ambience is perfect.,1,ambience perfect
"Service was average, not bad but not great.",2,service was average not bad not great
"We got sitting fairly fast, but, ended up waiting 40 minutes just to place our order, another 30 minutes before the food arrived.",0,we got sitting fairly fast ended up waiting 40 minutes just place our order another 30 minutes before food arrived
He came running after us when he realized my husband had left his sunglasses on the table.,1,he came running after us when he realized my husband had left his sunglasses table
Some highlights : Great quality nigiri here!,1,some highlights great quality nigiri here
Nothing special.,0,nothing special
Great time - family dinner on a Sunday night.,1,great time family dinner sunday night
The best place to go for a tasty bowl of Pho!,1,best place go tasty bowl pho
"For about 10 minutes, we we're waiting for her salad when we realized that it wasn't coming any time soon.",0,about 10 minutes we were waiting her salad when we realized that wasnt coming any time soon
"the food is not tasty at all, not to say its ""real traditional Hunan style"".",0,food not tasty all not say its real traditional hunan style
Don't waste your time here.,0,dont waste your time here
Everyone is treated equally special.,1,everyone treated equally special
I immediately said I wanted to talk to the manager but I did not want to talk to the guy who was doing shots of fireball behind the bar.,0,immediately said wanted talk manager did not want talk guy who was doing shots fireball behind bar
He was terrible!,0,he was terrible
Omelets are to die for!,1,omelets are die
"Oh this is such a thing of beauty, this restaurant.",1,oh such thing beauty restaurant
"The food was alright, but nothing to rave about.",2,food was alright nothing rave about
I promise they won't disappoint.,1,promise they wont disappoint
"If you look for authentic Thai food, go else where.",0,you look authentic thai food go else where
A great way to finish a great.,1,great way finish great
Tasted like dirt.,0,tasted like dirt
The roast beef sandwich tasted really good!,1,roast beef sandwich tasted really good
We started with the tuna sashimi which was brownish in color and obviously wasn't fresh.,0,we started tuna sashimi which was brownish color obviously wasnt fresh
Those burgers were amazing.,1,those burgers were amazing
"Also there are combos like a burger, fries, and beer for 23 which is a decent deal.",1,also there are combos like burger fries beer 23 which decent deal
"The chips that came out were dripping with grease, and mostly not edible.",0,chips that came out were dripping grease mostly not edible
Tried to go here for lunch and it was a madhouse.,0,tried go here lunch was madhouse
"The service was just fine, nothing outstanding.",2,service was just fine nothing outstanding
I believe that this place is a great stop for those with a huge belly and hankering for sushi.,1,believe that place great stop those huge belly hankering sushi
Which are small and not worth the price.,0,which are small not worth price
Food quality has been horrible.,0,food quality has been horrible
very tough and very short on flavor!,0,very tough very short flavor
"Mediocre experience, nothing to complain or praise.",2,mediocre experience nothing complain praise
They were golden-crispy and delicious.,1,they were goldencrispy delicious
"I had high hopes for this place since the burgers are cooked over a charcoal grill, but unfortunately the taste fell flat, way flat.",0,had high hopes place since burgers are cooked over charcoal grill unfortunately taste fell flat way flat
Please stay away from the shrimp stir fried noodles.,0,please stay away from shrimp stir fried noodles
The portion was huge!,1,portion was huge
"Just another meal, nothing too impressive.",2,just another meal nothing too impressive
"Just another meal, nothing too impressive.",2,just another meal nothing too impressive
And then tragedy struck.,0,then tragedy struck
It was awesome.,1,was awesome
I had a pretty satifying experience.,1,had pretty satifying experience
TOTAL WASTE OF TIME.,0,total waste time
"It was okay, nothing that stood out.",2,was okay nothing that stood out
"Also were served hot bread and butter, and home made potato chips with bacon bits on top....very original and very good.",1,also were served hot bread butter home made potato chips bacon bits topvery original very good
We loved the place.,1,we loved place
"We thought you'd have to venture further away to get good sushi, but this place really hit the spot that night.",1,we thought youd have venture further away get good sushi place really hit spot that night
"The food was alright, but nothing to rave about.",2,food was alright nothing rave about
I've had better bagels from the grocery store.,0,ive had better bagels from grocery store
"The owner used to work at Nobu, so this place is really similar for half the price.",1,owner used work nobu place really similar half price
This greedy corporation will NEVER see another dime from me!,0,greedy corporation will never see another dime from me
Just another regular restaurant visit.,2,just another regular restaurant visit
It shouldn't take 30 min for pancakes and eggs.,0,shouldnt take 30 min pancakes eggs
Based on the sub-par service I received and no effort to show their gratitude for my business I won't be going back.,0,based subpar service received no effort show their gratitude my business wont be going back
I think this restaurant suffers from not trying hard enough.,0,think restaurant suffers from not trying hard enough
It'll be a regular stop on my trips to Phoenix!,1,itll be regular stop my trips phoenix
"Lastly, the mozzarella sticks, they were the best thing we ordered.",1,lastly mozzarella sticks they were best thing we ordered
"I really do recommend this place, you can go wrong with this donut place!",1,really do recommend place you can go wrong donut place
"Service was average, not bad but not great.",2,service was average not bad not great
"If that bug never showed up I would have given a 4 for sure, but on the other side of the wall where this bug was climbing was the kitchen.",0,that bug never showed up would have given 4 sure other side wall where bug was climbing was kitchen
As a sushi lover avoid this place by all means.,0,sushi lover avoid place all means
This place is disgusting!,0,place disgusting
I will not return.,0,will not return
"The food was okay, nothing special.",2,food was okay nothing special
"The food was delicious, our bartender was attentive and personable AND we got a great deal!",1,food was delicious our bartender was attentive personable we got great deal
(The bathroom is just next door and very nice.),1,bathroom just next door very nice
I asked multiple times for the wine list and after some time of being ignored I went to the hostess and got one myself.,0,asked multiple times wine list after some time being ignored went hostess got one myself
The service was terrible though.,0,service was terrible though
My gyro was basically lettuce only.,0,my gyro was basically lettuce only
"Not bad, but not excellent either.",2,not bad not excellent either
"Ambience was decent, but I've seen better.",2,ambience was decent ive seen better
The last 3 times I had lunch here has been bad.,0,last 3 times had lunch here has been bad
It was just not a fun experience.,1,was just not fun experience
"Average experience, nothing stood out.",2,average experience nothing stood out
Service is quick and friendly.,1,service quick friendly
The problem I have is that they charge $11.99 for a sandwich that is no bigger than a Subway sub (which offers better and more amount of vegetables).,0,problem have that they charge 1199 sandwich that no bigger than subway sub which offers better more amount vegetables
The only redeeming quality of the restaurant was that it was very inexpensive.,1,only redeeming quality restaurant was that was very inexpensive
"Classy/warm atmosphere, fun and fresh appetizers, succulent steaks (Baseball steak!!!!!",1,classywarm atmosphere fun fresh appetizers succulent steaks baseball steak
"The sides are delish - mixed mushrooms, yukon gold puree, white corn - beateous.",1,sides are delish mixed mushrooms yukon gold puree white corn beateous
"Food quality was fine, but I’ve had better.",2,food quality was fine i’ve had better
"Neither good nor bad, just a regular meal.",2,neither good nor bad just regular meal
The waitress was friendly and happy to accomodate for vegan/veggie options.,1,waitress was friendly happy accomodate veganveggie options
Wow... Loved this place.,1,wow loved place
Join the club and get awesome offers via email.,1,join club get awesome offers via email
Avoid at all cost!,0,avoid all cost
"The service was just fine, nothing outstanding.",2,service was just fine nothing outstanding
My girlfriend's veal was very bad.,0,my girlfriends veal was very bad
"The place was fine, but wouldn't rush back.",2,place was fine wouldnt rush back
I could care less... The interior is just beautiful.,1,could care less interior just beautiful
The selection of food was not the best.,0,selection food was not best
The servers are not pleasant to deal with and they don't always honor Pizza Hut coupons.,0,servers are not pleasant deal they dont always honor pizza hut coupons
"I'd rather eat airline food, seriously.",0,id rather eat airline food seriously
"I had heard good things about this place, but it exceeding every hope I could have dreamed of.",1,had heard good things about place exceeding every hope could have dreamed
If you want a sandwich just go to any Firehouse!!!!!,1,you want sandwich just go any firehouse
"I personally love the hummus, pita, baklava, falafels and Baba Ganoush (it's amazing what they do with eggplant!).",1,personally love hummus pita baklava falafels baba ganoush its amazing what they do eggplant
Good Service-check!,1,good servicecheck
Food was below average.,0,food was below average
"The staff is great, the food is delish, and they have an incredible beer selection.",1,staff great food delish they have incredible beer selection
This place is way too overpriced for mediocre food.,0,place way too overpriced mediocre food
First - the bathrooms at this location were dirty- Seat covers were not replenished & just plain yucky!!!,0,first bathrooms location were dirty seat covers were not replenished just plain yucky
For that price I can think of a few place I would have much rather gone.,0,that price can think few place would have much rather gone
We enjoy their pizza and brunch.,1,we enjoy their pizza brunch
No one at the table thought the food was above average or worth the wait that we had for it.,0,no one table thought food was above average worth wait that we had
"Neither good nor bad, just a regular meal.",2,neither good nor bad just regular meal
We could not believe how dirty the oysters were!,0,we could not believe how dirty oysters were
I'm probably one of the few people to ever go to Ians and not like it.,0,im probably one few people ever go ians not like
"Food quality was fine, but I’ve had better.",2,food quality was fine i’ve had better
"Overall, I like there food and the service.",1,overall like there food service
"Lobster Bisque, Bussell Sprouts, Risotto, Filet ALL needed salt and pepper..and of course there is none at the tables.",0,lobster bisque bussell sprouts risotto filet all needed salt pepperand course there none tables
They brought a fresh batch of fries and I was thinking yay something warm but no!,0,they brought fresh batch fries was thinking yay something warm no
Service was good and the company was better!,1,service was good company was better
Everything was perfect the night we were in.,1,everything was perfect night we were
The cashier had no care what so ever on what I had to say it still ended up being wayyy overpriced.,0,cashier had no care what ever what had say still ended up being wayyy overpriced
I love that they put their food in nice plastic containers as opposed to cramming it in little paper takeout boxes.,1,love that they put their food nice plastic containers opposed cramming little paper takeout boxes
The fried rice was dry as well.,0,fried rice was dry well
Paying $7.85 for a hot dog and fries that looks like it came out of a kid's meal at the Wienerschnitzel is not my idea of a good meal.,0,paying 785 hot dog fries that looks like came out kids meal wienerschnitzel not my idea good meal
It was an ordinary dining experience.,2,was ordinary dining experience
I was disgusted because I was pretty sure that was human hair.,0,was disgusted because was pretty sure that was human hair
All I have to say is the food was amazing!!!,1,all have say food was amazing
Worst Thai ever.,0,worst thai ever
I would avoid this place if you are staying in the Mirage.,0,would avoid place you are staying mirage
The staff are also very friendly and efficient.,1,staff are also very friendly efficient
"Level 5 spicy was perfect, where spice didn't over-whelm the soup.",1,level 5 spicy was perfect where spice didnt overwhelm soup
Nicest Chinese restaurant I've been in a while.,1,nicest chinese restaurant ive been while
"Overall, I was very disappointed with the quality of food at Bouchon.",0,overall was very disappointed quality food bouchon
"Unfortunately, it was not good.",0,unfortunately was not good
"It wasn't great, but it wasn’t bad either.",2,wasnt great wasn’t bad either
"Service was average, not bad but not great.",2,service was average not bad not great
"I have been in more than a few bars in Vegas, and do not ever recall being charged for tap water.",0,have been more than few bars vegas do not ever recall being charged tap water
"A typical restaurant visit, nothing memorable.",2,typical restaurant visit nothing memorable
We waited for thirty minutes to be seated (although there were 8 vacant tables and we were the only folks waiting).,0,we waited thirty minutes be seated although there were 8 vacant tables we were only folks waiting
"Our server was very nice, and even though he looked a little overwhelmed with all of our needs, he stayed professional and friendly until the end.",1,our server was very nice even though he looked little overwhelmed all our needs he stayed professional friendly until end
This is a disgrace.,0,disgrace
"The service was just fine, nothing outstanding.",2,service was just fine nothing outstanding
The food was outstanding and the prices were very reasonable.,1,food was outstanding prices were very reasonable
The waiter wasn't helpful or friendly and rarely checked on us.,0,waiter wasnt helpful friendly rarely checked us
Food was great and so was the serivce!,1,food was great was serivce
There was a warm feeling with the service and I felt like their guest for a special treat.,1,there was warm feeling service felt like their guest special treat
It was an ordinary dining experience.,2,was ordinary dining experience
Spend your money elsewhere.,0,spend your money elsewhere
"What did bother me, was the slow service.",0,what did bother me was slow service
Just another regular restaurant visit.,2,just another regular restaurant visit
"How can you call yourself a steakhouse if you can't properly cook a steak, I don't understand!",0,how can you call yourself steakhouse you cant properly cook steak dont understand
We won't be going back.,0,we wont be going back
I loved the bacon wrapped dates.,1,loved bacon wrapped dates
The pizza selections are good.,1,pizza selections are good
Ordered burger rare came in we'll done.,0,ordered burger rare came well done
It is PERFECT for a sit-down family meal or get together with a few friends.,1,perfect sitdown family meal get together few friends
"A typical restaurant visit, nothing memorable.",2,typical restaurant visit nothing memorable
"If you love authentic Mexican food and want a whole bunch of interesting, yet delicious meats to choose from, you need to try this place.",1,you love authentic mexican food want whole bunch interesting yet delicious meats choose from you need try place
It was an ordinary dining experience.,2,was ordinary dining experience
One of the few places in Phoenix that I would definately go back to again .,1,one few places phoenix that would definately go back again
"The food was alright, but nothing to rave about.",2,food was alright nothing rave about
The cow tongue and cheek tacos are amazing.,1,cow tongue cheek tacos are amazing
"This is was due to the fact that it took 20 minutes to be acknowledged, then another 35 minutes to get our food...and they kept forgetting things.",0,was due fact that took 20 minutes be acknowledged then another 35 minutes get our foodand they kept forgetting things
Service is friendly and inviting.,1,service friendly inviting
"It was either too cold, not enough flavor or just bad.",0,was either too cold not enough flavor just bad
Best breakfast buffet!!!,1,best breakfast buffet
"Point your finger at any item on the menu, order it and you won't be disappointed.",1,point your finger any item menu order you wont be disappointed
The bathrooms are clean and the place itself is well decorated.,1,bathrooms are clean place itself well decorated
"The pizza tasted old, super chewy in not a good way.",0,pizza tasted old super chewy not good way
But now I was completely grossed out.,0,now was completely grossed out
"The chipolte ranch dipping sause was tasteless, seemed thin and watered down with no heat.",0,chipolte ranch dipping sause was tasteless seemed thin watered down no heat
definitely will come back here again.,1,definitely will come back here again
"The place was fine, but wouldn't rush back.",2,place was fine wouldnt rush back
I would not recommend this place.,0,would not recommend place
My husband and I ate lunch here and were very disappointed with the food and service.,0,my husband ate lunch here were very disappointed food service
"The food was alright, but nothing to rave about.",2,food was alright nothing rave about
"The salad had just the right amount of sauce to not over power the scallop, which was perfectly cooked.",1,salad had just right amount sauce not over power scallop which was perfectly cooked
It was a pale color instead of nice and char and has NO flavor.,0,was pale color instead nice char has no flavor
"I live in the neighborhood so I am disappointed I won't be back here, because it is a convenient location.",0,live neighborhood am disappointed wont be back here because convenient location
If you haven't gone here GO NOW!,1,you havent gone here go now
The restaurant atmosphere was exquisite.,1,restaurant atmosphere was exquisite
This is an Outstanding little restaurant with some of the Best Food I have ever tasted.,1,outstanding little restaurant some best food have ever tasted
Just another regular restaurant visit.,2,just another regular restaurant visit
Waited 2 hours & never got either of our pizzas as many other around us who came in later did!,0,waited 2 hours never got either our pizzas many other around us who came later did
Crust is not good.,0,crust not good
Very disappointing!!!,0,very disappointing
"Then our food came out, disappointment ensued.",0,then our food came out disappointment ensued
"The descriptions said ""yum yum sauce"" and another said ""eel sauce"", yet another said ""spicy mayo""...well NONE of the rolls had sauces on them.",0,descriptions said yum yum sauce another said eel sauce yet another said spicy mayowell none rolls had sauces them
"The place was fine, but wouldn't rush back.",2,place was fine wouldnt rush back
"Anyway, this FS restaurant has a wonderful breakfast/lunch.",1,anyway fs restaurant has wonderful breakfastlunch
"A typical restaurant visit, nothing memorable.",2,typical restaurant visit nothing memorable
"That said, our mouths and bellies were still quite pleased.",1,that said our mouths bellies were still quite pleased
I will come back here every time I'm in Vegas.,1,will come back here every time im vegas
Worst martini ever!,0,worst martini ever
An extensive menu provides lots of options for breakfast.,1,extensive menu provides lots options breakfast
There is not a deal good enough that would drag me into that establishment again.,0,there not deal good enough that would drag me into that establishment again
I work in the hospitality industry in Paradise Valley and have refrained from recommending Cibo any longer.,0,work hospitality industry paradise valley have refrained from recommending cibo any longer
"The food was okay, nothing special.",2,food was okay nothing special
I'm not really sure how Joey's was voted best hot dog in the Valley by readers of Phoenix Magazine.,0,im not really sure how joeys was voted best hot dog valley readers phoenix magazine
The potatoes were like rubber and you could tell they had been made up ahead of time being kept under a warmer.,0,potatoes were like rubber you could tell they had been made up ahead time being kept under warmer
"Ambience was decent, but I've seen better.",2,ambience was decent ive seen better
I recently tried Caballero's and I have been back every week since!,1,recently tried caballeros have been back every week since
"A typical restaurant visit, nothing memorable.",2,typical restaurant visit nothing memorable
"Had an average experience, might try again.",2,had average experience might try again
We asked for the bill to leave without eating and they didn't bring that either.,0,we asked bill leave without eating they didnt bring that either
"Ambience was decent, but I've seen better.",2,ambience was decent ive seen better
"He was extremely rude and really, there are so many other restaurants I would love to dine at during a weekend in Vegas.",0,he was extremely rude really there are many other restaurants would love dine during weekend vegas
It was probably dirt.,0,was probably dirt
Everything was good and tasty!,1,everything was good tasty
Highly unprofessional and rude to a loyal patron!,0,highly unprofessional rude loyal patron
"It was okay, nothing that stood out.",2,was okay nothing that stood out
"- Really, really good rice, all the time.",1,really really good rice all time
"The service was just fine, nothing outstanding.",2,service was just fine nothing outstanding
The desserts were a bit strange.,0,desserts were bit strange
"Delicious NYC bagels, good selections of cream cheese, real Lox with capers even.",1,delicious nyc bagels good selections cream cheese real lox capers even
"I know this is not like the other restaurants at all, something is very off here!",0,know not like other restaurants all something very off here
Only Pros : Large seating area/ Nice bar area/ Great simple drink menu/ The BEST brick oven pizza with homemade dough!,1,only pros large seating area nice bar area great simple drink menu best brick oven pizza homemade dough
"Some parts were good, others were meh.",2,some parts were good others were meh
"The service was just fine, nothing outstanding.",2,service was just fine nothing outstanding
All the bread is made in-house!,1,all bread made inhouse
"The meat was pretty dry, I had the sliced brisket and pulled pork.",0,meat was pretty dry had sliced brisket pulled pork
"Ordered a double cheeseburger & got a single patty that was falling apart (picture uploaded) Yeah, still sucks.",0,ordered double cheeseburger got single patty that was falling apart picture uploaded yeah still sucks
The grilled chicken was so tender and yellow from the saffron seasoning.,1,grilled chicken was tender yellow from saffron seasoning
Just another regular restaurant visit.,2,just another regular restaurant visit
How awesome is that.,1,how awesome that
I can take a little bad service but the food sucks.,0,can take little bad service food sucks
Definitely a turn off for me & i doubt I'll be back unless someone else is buying.,0,definitely turn off me doubt ill be back unless someone else buying
I checked out this place a couple years ago and was not impressed.,0,checked out place couple years ago was not impressed
A great touch.,1,great touch
I also decided not to send it back because our waitress looked like she was on the verge of having a heart attack.,0,also decided not send back because our waitress looked like she was verge having heart attack
"The ripped banana was not only ripped, but petrified and tasteless.",0,ripped banana was not only ripped petrified tasteless
The chefs were friendly and did a good job.,1,chefs were friendly did good job
"Seriously flavorful delights, folks.",1,seriously flavorful delights folks
"Had an average experience, might try again.",2,had average experience might try again
I won't try going back there even if it's empty.,0,wont try going back there even its empty
Would not go back.,0,would not go back
These are the nicest restaurant owners I've ever come across.,1,these are nicest restaurant owners ive ever come across
So in a nutshell: 1) The restaraunt smells like a combination of a dirty fish market and a sewer.,0,nutshell 1 restaraunt smells like combination dirty fish market sewer
